<?xml version="1.0" encoding="UTF-8"?>
<securitybinding:securityBindings xmlns:securitybinding="http://www.ibm.com/xmlns/prod/websphere/200710/ws-securitybinding">
  <securitybinding:securityBinding name="application">
    <securitybinding:securityOutboundBindingConfig/>
    <securitybinding:securityInboundBindingConfig>
      <securitybinding:signingInfo name="con_app_signparts_request">
        <securitybinding:signingKeyInfo reference="con_initToken_signapp_signparts_request_keyinfo"/>
        <securitybinding:signingPartReference reference="request:app_signparts_request">
          <securitybinding:transform algorithm="http://www.w3.org/2001/10/xml-exc-c14n#"/>
        </securitybinding:signingPartReference>
      </securitybinding:signingInfo>
      <securitybinding:keyInfo classname="com.ibm.ws.wssecurity.wssapi.CommonContentConsumer" name="con_initToken_signapp_signparts_request_keyinfo" type="STRREF">
        <securitybinding:tokenReference reference="con_requestapp_signparts_request"/>
      </securitybinding:keyInfo>
      <securitybinding:tokenConsumer classname="com.ibm.ws.wssecurity.wssapi.token.impl.CommonTokenConsumer" name="con_requestapp_signparts_request">
        <securitybinding:valueType localName="http://docs.oasis-open.org/wss/2004/01/oasis-200401-wss-x509-token-profile-1.0#X509v3"/>
        <securitybinding:jAASConfig configName="system.wss.consume.x509"/>
        <securitybinding:callbackHandler classname="com.ibm.websphere.wssecurity.callbackhandler.X509ConsumeCallbackHandler">
          <securitybinding:certPathSettings>
            <securitybinding:trustAnchorRef reference="TrustStore"/>
            <securitybinding:certStoreRef reference="BrokerStore"/>
          </securitybinding:certPathSettings>
        </securitybinding:callbackHandler>
      </securitybinding:tokenConsumer>
      <securitybinding:trustAnchor name="TrustStore">
        <securitybinding:keyStore path="*MQSITRUSTSTOREPATHMQSI*" storepass="*MQSITRUSTSTOREPWDMQSI*" type="JKS"/>
      </securitybinding:trustAnchor>
      <securitybinding:certStoreList>
        <securitybinding:collectionCertStores name="BrokerStore" provider="IBMCertPath"/>
      </securitybinding:certStoreList>
    </securitybinding:securityInboundBindingConfig>
  </securitybinding:securityBinding>
</securitybinding:securityBindings>