<?xml version="1.0" encoding="UTF-8"?>
<securitybinding:securityBindings xmlns:securitybinding="http://www.ibm.com/xmlns/prod/websphere/200710/ws-securitybinding">
  <securitybinding:securityBinding name="application">
    <securitybinding:securityOutboundBindingConfig>
      <securitybinding:signingInfo name="gen_app_signparts_request" order="1">
        <securitybinding:signingKeyInfo reference="gen_initToken_signapp_signparts_request_keyinfo"/>
        <securitybinding:signingPartReference reference="request:app_signparts_request">
          <securitybinding:transform algorithm="http://www.w3.org/2001/10/xml-exc-c14n#"/>
        </securitybinding:signingPartReference>
      </securitybinding:signingInfo>
      <securitybinding:keyInfo classname="com.ibm.ws.wssecurity.wssapi.CommonContentGenerator" name="gen_initToken_signapp_signparts_request_keyinfo" type="STRREF">
        <securitybinding:tokenReference reference="gen_requestapp_signparts_request"/>
      </securitybinding:keyInfo>
      <securitybinding:tokenGenerator classname="com.ibm.ws.wssecurity.wssapi.token.impl.CommonTokenGenerator" name="gen_requestapp_signparts_request">
        <securitybinding:valueType localName="http://docs.oasis-open.org/wss/2004/01/oasis-200401-wss-x509-token-profile-1.0#X509v3"/>
        <securitybinding:jAASConfig configName="system.wss.generate.x509"/>
        <securitybinding:callbackHandler classname="com.ibm.websphere.wssecurity.callbackhandler.X509GenerateCallbackHandler">
          <securitybinding:keyStore path="*MQSIBROKERSTOREPATHMQSI*" storepass="*MQSIBROKERSTOREPWDMQSI*" type="JKS"/>
          <securitybinding:key alias="macon" keypass="*MQSIBROKERSTOREKEYPASSmaconMQSI*" name="CN=MAcon,O=O,OU=OU,L=L,C=C"/>
        </securitybinding:callbackHandler>
      </securitybinding:tokenGenerator>
      <securitybinding:timestampExpires expires="5"/>
    </securitybinding:securityOutboundBindingConfig>
    <securitybinding:securityInboundBindingConfig/>
  </securitybinding:securityBinding>
</securitybinding:securityBindings>