<project name="commonTargets" basedir="./" xmlns:antcontrib="antlib:net.sf.antcontrib" xmlns:antelope="antlib:ise.antelope.tasks">

	<target name="svnCheckout">
		<echo message="Check out from SVN project: ${project.name}, SVN location: ${project.svnlocation}, SVN tag: ${project.svntag}" />
		<svn failonerror="true" username="${svn.userid}" password="${svn.password}">
			<export srcUrl="${svn.repository.url}/${project.svnlocation}/${project.name}" destPath="${checkout.location}/${project.name}" force="${overwrite.project}" />
		</svn>
	</target>

	<target name="cvsCheckout">
		<echo message="Checking out from CVS: project: ${project.name}, CVS location: ${project.cvslocation}, CVS tag: ${project.cvstag}" />
		<cvs command="-d ${cvs.repository.url} export -r ${project.cvstag} -d ${checkout.location}/${project.name} &quot;${project.cvslocation}&quot;" failonerror="true" />
	</target>


	<target name="trimLeadingAndTrailingSpaces">
		<antelope:stringutil string="${string.to.format}" property="formatted.string">
			<antelope:trim />
		</antelope:stringutil>
		<propertyfile file="${temp.build.location}\${temp.property.filename}">
			<entry key="${property.to.replace}" operation="=" value="${formatted.string}" />
		</propertyfile>
	</target>

	<target name="getObjectPropertiesFromSIDatabase">
		<echo message="Executing ant task getObjectPropertiesFromSIDatabase to retrieve object properties for objects: ${objectlist}" />
		<echo message="Executing SQL statement: SELECT A.OBJECT_NAME, A.PROPERTY_NAME, A.SETUP_TYPE,'='|| A.PROPERTY_VALUE FROM SI_ENVIRONMENT_CONFIG A WHERE A.ENVIRONMENT_ID = ${env.id} AND A.OBJECT_NAME IN ${objectlist};" />
		<sql driver="oracle.jdbc.driver.OracleDriver" password="${configdb.password}" 
			url="jdbc:oracle:thin:@${configdb.hostname}:${configdb.port}:${configdb.SID}" userid="${configdb.username}" 
			output="${temp.build.location}\${output.properties.filename}" print="true" showheaders="false" showtrailers="false" onerror="abort">
			<classpath>
				<pathelement location="${configdb.driver.location}" />
			</classpath>
			<![CDATA[
			        SELECT A.OBJECT_NAME, A.PROPERTY_NAME, A.SETUP_TYPE,'='|| A.PROPERTY_VALUE FROM WMBOWNER.SI_ENVIRONMENT_CONFIG A
					WHERE A.ENVIRONMENT_ID = ${env.id} AND A.OBJECT_NAME IN (${objectlist});
			        ]]>
		</sql>
		<replace token=",=" value="=" file="${temp.build.location}\${output.properties.filename}" />
		<replace token="," value="." file="${temp.build.location}\${output.properties.filename}" />
		<replace token=".null" value="" file="${temp.build.location}\${output.properties.filename}" />
	</target>

	<target name="getEnvironmentToBuildFromSIDatabase">
		<echo message="Executing ant task getEnvironmentToBuildForSIDatabase to retrieve environment identfier for environment: ${env.build}">
		</echo>
		<echo message="Executing SQL statement: SELECT 'env.id='|| A.ID FROM SI_ENVIRONMENTS A WHERE A.ENVIRONMENT = UPPER('${env.build}');" />
		<sql driver="oracle.jdbc.driver.OracleDriver" password="${configdb.password}" 
			url="jdbc:oracle:thin:@${configdb.hostname}:${configdb.port}:${configdb.SID}" userid="${configdb.username}" 
			output="${temp.build.location}\${env.properties.filename}" print="true" showheaders="false" showtrailers="false" onerror="abort">
			<classpath>
				<pathelement location="${configdb.driver.location}" />
			</classpath>
			<![CDATA[
			        SELECT 'env.id='|| A.ID FROM WMBOWNER.SI_ENVIRONMENTS A WHERE A.ENVIRONMENT = UPPER('${env.build}');
			        ]]>
		</sql>
		
		<property file="${temp.build.location}\${env.properties.filename}"/>
		<antcontrib:if>
			<length property="lengthOfEnvId" string="${env.id}" when="equal" length="0" />
			<then>
				<fail message="Environment ID is not found for Environment: ${env.build}"/>
			</then>
		</antcontrib:if>
		
	</target>

	
	<target name="getComponentPropertiesFromSIDatabase">
		<echo message="Executing ant task getComponentNameFromSIDatabase to retrieve environment identfier for environment: ${env.id}">
		</echo>
		<sql driver="oracle.jdbc.driver.OracleDriver" password="${configdb.password}" 
			url="jdbc:oracle:thin:@${configdb.hostname}:${configdb.port}:${configdb.SID}" userid="${configdb.username}" 
			output="${temp.build.location}\component.properties" print="true" showheaders="false" showtrailers="false"  onerror="abort" >
			<classpath>
				<pathelement location="${configdb.driver.location}" />
			</classpath>
			<![CDATA[
			        SELECT A.PROPERTY_NAME,'='|| A.PROPERTY_VALUE FROM WMBOWNER.SI_ENVIRONMENT_CONFIG A WHERE A.ENVIRONMENT_ID = ${env.id} 
					AND A.OBJECT_NAME = '${project.component}';
			        ]]> 
		</sql>
		
		<replace token=",=" value="=" file="${temp.build.location}\component.properties" />
		
	</target>	

	<target name="getReleaseVersion">
		<!--The temporary build location will not exist at this point, so create it-->
		<mkdir dir="${temp.location}"/>
		
		<antcall target="cvsCheckout">
			<param name="project.name" value="${global.revision.project.name}" />
			<param name="project.cvstag" value="${global.revision.cvstag}" />
			<param name="project.cvslocation" value="${global.revision.cvslocation}" />
			<param name="checkout.location" value="${temp.location}" />
		</antcall>		
	</target>	
	
	
</project>
