<project name="buildScript" basedir="./" default="build" xmlns:antcontrib="antlib:net.sf.antcontrib" xmlns:antelope="antlib:ise.antelope.tasks">
	<property file="..\property_files\build.properties" />
	<property file="..\property_files\common.properties" />

	<!--Import the ant script which holds the common tasks-->
	<import file="..\..\common\build_scripts\common_targets.xml" as="common" />

	<target name="build" description="Top level task">
		<tstamp />
		<antcall target="validateProperties"/>
		<antcall target="cleanUp" />
		
		<antcall target="common.getReleaseVersion"/>
		
		<property file="${temp.location}\${global.revision.filename}"/>
		<property name="global.release.version" value="release_v${global.repository.version}"/>
		<property name="release.build.location" value="${project.build.location}\${global.release.version}\${component.type.directory}" />				
			
		<!--Get the local build environment ready with the directories required before starting the build-->
		<!--Set them at this level so that the property can be used by all targets-->
		<delete dir="${release.build.location}"/>

		<echo message="Creating release build location .. ${release.build.location}" />
		<mkdir dir="${release.build.location}" />
		<echo message="Creating temp build location .. ${temp.location}\${temp.directory}" />
		<delete dir="${temp.location}\${temp.directory}" failonerror="false" includeemptydirs="true" />
		<mkdir dir="${temp.location}\${temp.directory}" />

		<copy file="..\..\common\common_files\${setupdrives.filename}" todir="${temp.location}\${temp.directory}" flatten="true" />
		<replace file="${temp.location}\${temp.directory}\${setupdrives.filename}">
			<replacefilter token="%temp.location%" value="${temp.location}" />
		</replace>
		<replace file="${temp.location}\${temp.directory}\${setupdrives.filename}">
			<replacefilter token="%temp.directory%" value="${temp.directory}" />
		</replace>

		<exec executable="${temp.location}\${temp.directory}\${setupdrives.filename}" failonerror="true" />

		<property name="temp.build.location2" value="${drive.letter}:\"/>

		<echo message="Creating temp properties file.." />
		<touch file="${temp.build.location2}\${temp.property.file.name}" />		
		
		
		<antcall target="common.getEnvironmentToBuildFromSIDatabase" inheritall="true"/>
		<antcall target="getListOfProjects" inheritall="true"/>
		<antcall target="cleanUp" />
	</target>

	<target name="validateProperties">
		<!--Check that the temp and build location aren't set to just c:-->
		<antcontrib:if>
			<equals arg1="c:\" arg2="${temp.location}" casesensitive="false" trim="true" />
			<then>
				<fail message="Temp location should not be set to only C:\, change to include a path e.g. C:\\Temp\\Builds" />
			</then>
		</antcontrib:if>

		<!--Check that the temp and build location aren't set to just c:-->
		<antcontrib:if>
			<equals arg1="c:\" arg2="${build.location}" casesensitive="false" trim="true" />
			<then>
				<fail message="Build location should not be set to only C:\, change to include a path e.g. C:\\MB_Builds" />
			</then>
		</antcontrib:if>		
	</target>	
	
	<target name="createBuildDirectories">
		<!--Get the local build environment ready with the directories required before starting the build-->
		<delete dir="${release.build.location}"/>

		<echo message="Creating release build location .. ${release.build.location}" />
		<mkdir dir="${release.build.location}" />
		<echo message="Creating temp build location .. ${temp.location}\${temp.directory}" />
		<delete dir="${temp.location}\${temp.directory}" failonerror="false" includeemptydirs="true" />
		<mkdir dir="${temp.location}\${temp.directory}" />

		<copy file="c:\temp\test.bat" todir="${temp.location}\${temp.directory}" flatten="true" />
		<replace file="${temp.location}\${temp.directory}\test.bat">
			<replacefilter token="%temp.location%" value="${temp.location}" />
		</replace>
		<replace file="${temp.location}\${temp.directory}\test.bat">
			<replacefilter token="%temp.directory%" value="${temp.directory}" />
		</replace>

		<exec executable="${temp.location}\${temp.directory}\test.bat" failonerror="true" />

		<property name="temp.build.location2" value="b:\"/>

		<echo message="Creating temp properties file.." />
		<touch file="${temp.build.location2}\${temp.property.file.name}" />

	</target>

	<target name="getListOfProjects">
		<!--Get a list of projects that require building-->
		<antcontrib:propertyselector property="project.list" delimiter="," match="project\.([^\.]*)\.name" select="\1" casesensitive="false" />
		<echo message="List of projects which require building: ${project.list}" />
		<!--For the list of projects extract them from source control-->
		<antcontrib:foreach list="${project.list}" delimiter="," target="extractProjects" param="project.no" inheritall="true"/>
		<!--Next for each project get a list of objects which require property override
		<echo message="Now getting list of objects which require property overrides for each project" />
		<antcontrib:foreach list="${project.list}" delimiter="," target="generateObjectList" param="project.no" />-->
	</target>

	<target name="extractProjects">
		
		<!--Call the common source control extract task which will be used extract projects-->
		<antcontrib:propertycopy name="project.name" from="project.${project.no}.name" />
		<antcontrib:propertycopy name="project.cvstag" from="project.${project.no}.cvstag" />
		<antcontrib:propertycopy name="project.cvslocation" from="project.${project.no}.cvslocation" />
		<antcontrib:propertycopy name="project.components" from="project.${project.no}.components" />
		<antcontrib:propertycopy name="object.list" from="project.${project.no}.objects" />
		<!--Create a directory in the temp build directory for the project-->
		<!--From the temporary build location the projects will be copied to the build location-->
		<delete dir="${temp.build.location2}\${project.name}" includeemptydirs="true" failonerror="false"/>
		<mkdir dir="${temp.build.location2}\${project.name}" />

		<antcall target="common.cvsCheckout">
			<param name="project.name" value="${project.name}" />
			<param name="project.cvstag" value="${project.cvstag}" />
			<param name="project.cvslocation" value="${project.cvslocation}" />
			<param name="checkout.location" value="${temp.build.location2}" />
		</antcall>
		
		<antcall target="generateObjectList" inheritall="true">
			<param name="project.name" value="${project.name}" />
			<param name="project.components" value="${project.components}" />
			<param name="object.list" value="${object.list}" />
		</antcall>
	</target>

	<target name="generateObjectList">
		<!--Before starting the build for a new project delete the following property files-->
		<delete file="${temp.build.location2}\${temp.property.file.name}" />
		<delete file="${temp.build.location2}\${output.properties.filename}" />

		<echo message="Executing ant task: generateObjectList to get a list of objects to retrieve properties for.." />

		<!--Variable declarations-->
		<antelope:var name="x" value="0" />
		<antelope:var name="y" value="0" />
		<antelope:var name="iter" value="0" />

		<echo message="List of objects to retrieve is: ${object.list}" />
		<!--Call the ant target to get property values for the required objects-->
		<!--Check if we have the object attribute set -->
		<antcontrib:if>
			<length property="lengthOfObjectList" string="${object.list}" when="greater" length="0" />
			<then>
				<!--Use a temporary properties file to store the number of objects and generate the 'IN' clause for the SQL statement 
				used to get property override values-->
				<propertyfile file="${temp.build.location2}\${temp.property.file.name}">
					<entry key="objectlist" default="" operation="=" />
				</propertyfile>

				<!--Get the number of objects which will be used to determine when the loop is on the last object-->
				<antcontrib:for list="${object.list}" param="object">
					<sequential>
						<antelope:math datatype="int" operand1="${x}" operand2="1" operation="+" result="y" />
						<antelope:var name="x" value="${y}" />
					</sequential>
				</antcontrib:for>

				<antcontrib:for list="${object.list}" param="object">
					<sequential>
						<antelope:math result="result" operand1="${iter}" operation="+" operand2="1" datatype="int" />
						<antelope:var name="iter" value="${result}" />

						<antcontrib:if>
							<!--If the number of iterations of the loop equal the number of objects then we are on the last object-->
							<!--Therefore we need dont need to suffix with a ','-->
							<equals arg1="${y}" arg2="${iter}" casesensitive="false" />
							<then>
								<propertyfile file="${temp.build.location2}\${temp.property.file.name}">
									<entry key="objectlist" default="" operation="+" value="'@{object}'" />
								</propertyfile>
							</then>
							<else>
								<propertyfile file="${temp.build.location2}\${temp.property.file.name}">
									<entry key="objectlist" default="" operation="+" value="'@{object}', " />
								</propertyfile>
							</else>
						</antcontrib:if>

					</sequential>
				</antcontrib:for>

				<antcall target="getPropertiesForObjects"/>
			</then>
		</antcontrib:if>

		<echo message="Calling ant task determineBuildType to get a list of components to build for: ${project.components}" />
		<antcall target="determineBuildType" inheritall="true">
			<param name="project.components" value="${project.components}" />
			<param name="project.name" value="${project.name}" />
		</antcall>

	</target>

	<target name="getPropertiesForObjects">
		<!--Call the ant target to get property values for the required objects by providing the environment identifier that we are building for
			and the list of objects to get properties for-->
		<echo message="Calling ant target common.getObjectPropertiesFromSIDatabase to get property values for objects" />
		<property file="${temp.build.location2}\${temp.property.file.name}" />
		<property file="${temp.build.location2}\${env.properties.filename}" />
		<antcall target="common.getObjectPropertiesFromSIDatabase">
			<param name="env.id" value="${env.id}" />
			<param name="objectlist" value="${objectlist}" />
		</antcall>
	</target>


	<target name="overrideProperties">
		<!--Override the properties in all files for the given project-->
		<echo message="Executing ant target overrideProperties to override properties in project: ${project.name}" />

		<!--First with the object properties if available-->
		<antcontrib:if>
			<available file="${temp.build.location2}\${output.properties.filename}" />
			<then>
				<replace dir="${project.name}" replacefilterfile="${temp.build.location2}\${output.properties.filename}" />
			</then>
		</antcontrib:if>

		<antcontrib:if>
			<available file="${temp.build.location2}\component.properties" />
			<then>
				<replace dir="${project.name}" replacefilterfile="${temp.build.location2}\component.properties" />
			</then>
		</antcontrib:if>

	</target>

	<target name="cleanUp">
		<delete includeEmptyDirs="true" failonerror="false">
			<fileset dir="${temp.location}" />
		</delete>
	</target>


	<target name="determineBuildType">
		<echo message="Executing ant target determineBuildType to get a list of components to build the scripts for if applicable" />
		<property file="${temp.build.location2}\${env.properties.filename}" />
		<!--Get a list of components that require these objects to be built for-->
		<antcontrib:if>
			<length property="lengthOfComponentList" string="${project.components}" when="greater" length="0" />
			<then>
				<echo message="Now getting list components that the objects need to be built for: ${project.components}" />
				<antcontrib:for list="${project.components}" delimiter="," param="component">
					<sequential>
						<echo message="@{component}" />
						<antcall target="createReleaseFilesByComponent">
							<param name="project.component" value="@{component}" />
							<param name="project.name" value="${project.name}" />
							<param name="env.id" value="${env.id}" />
						</antcall>
					</sequential>
				</antcontrib:for>
			</then>
			<else>
				<antcall target="createReleaseFiles">
					<param name="project.name" value="${project.name}" />
				</antcall>
			</else>
		</antcontrib:if>
	</target>

	<target name="createReleaseFilesByComponent">
		<antcall target="common.getComponentPropertiesFromSIDatabase">
			<param name="env.id" value="${env.id}" />
			<param name="project.component" value="${project.component}" />
		</antcall>

		<property file="${temp.build.location2}\component.properties" />

		<mkdir dir="${release.build.location}\${componentName}\${project.name}" />
		<copy todir="${release.build.location}\${componentName}\${project.name}">
			<fileset dir="${temp.build.location2}\${project.name}">
				<exclude name="*.properties" />
			</fileset>
		</copy>

		<echo message="Calling ant target overrideProperties to override property values in project: ${project.name}" />
		<antcall target="overrideProperties">
			<param name="project.name" value="${release.build.location}\${componentName}\${project.name}" />
		</antcall>		

	</target>

	<target name="createReleaseFiles">

		<mkdir dir="${release.build.location}\${project.name}" />
		<copy todir="${release.build.location}\${project.name}">
			<fileset dir="${temp.build.location2}\${project.name}">
				<exclude name="*.properties" />
			</fileset>
		</copy>

		<echo message="Calling ant target overrideProperties to override property values in project: ${project.name}" />
		<antcall target="overrideProperties">
			<param name="project.name" value="${release.build.location}\${project.name}" />
		</antcall>

		<delete dir="${temp.build.location2}\${project.name}" includeemptydirs="true" failonerror="false"/>
	</target>

</project>
