<project name="deployBarFile" basedir="./" default="deploy" xmlns:antcontrib="antlib:net.sf.antcontrib" xmlns:antelope="antlib:ise.antelope.tasks">
	<property file="..\property_files\${build.properties.file}" />
	<property file="..\property_files\common.properties" />
	<!--<property name="release.build.location" value="${project.build.location}\${release.version}\${component.directory.type}" />-->

	<import file="..\..\common\build_scripts\common_targets.xml" as="common" />

	<target name="deploy" description="Top level task">
		<tstamp />
		<antcall target="getListOfBarFilesToDeploy" />
		<antcall target="cleanUp" />
	</target>

	<target name="getListOfBarFilesToDeploy">

		<echo message="Retrieving list of build.properties files..." />
		<fileset id="listOfBuildFiles" casesensitive="true" dir="..\property_files" erroronmissingdir="true">
			<patternset includes="build.*.properties">
			</patternset>
		</fileset>
		<property name="build.properties.list" refid="listOfBuildFiles" />
		<antcontrib:foreach list="${build.properties.list}" delimiter=";" target="getListOfBrokerLocations" param="build.properties.file" />
	</target>

	<target name="checkBarFileLocation">
		<echo message="Checking if Bar file: ${barfile.name} has been created..." />
		<available file="${release.build.location}\${barfile.name}" type="file" property="file.available" value="true" />
		<antcontrib:if>
			<not>
				<equals arg1="true" arg2="${file.available}" />
			</not>
			<antcontrib:then>
				<fail message="Bar file for build ${release.version} does not exist in directoy: 
								\n ${release.build.location}\${barfile.name} \n check bar file build ran successfully" />
			</antcontrib:then>
		</antcontrib:if>
	</target>

	<target name="getListOfBrokerLocations">
		<property name="release.build.location" value="${project.build.location}\release_v${global.release.version}\${component.type.directory}" />

		<echo message="Creating temp build directory.." />
		<property name="temp.build.location" value="${temp.location}\${build.directory}" />
		<mkdir dir="${temp.build.location}" />

		<!--Determine which environment to build for-->
		<antcall target="common.getEnvironmentToBuildFromSIDatabase">
			<param name="env.build" value="${environment.build}" />
			<param name="output.properties.filename" value="${temp.build.location}\${env.properties.filename}" />
		</antcall>

		<property file="${temp.build.location}\${env.properties.filename}" />

		<echo message="Retrieving list of brokers to deploy to" />
		<antcontrib:propertyselector property="broker.list" delimiter="," match="broker\.([^\.]*)\.name" select="\1" casesensitive="false" />
		<antcontrib:foreach list="${broker.list}" delimiter="," target="getListOfDeploymentLocations" param="broker.id" inheritall="true" />
	</target>

	<target name="getListOfDeploymentLocations">
		<antcontrib:propertycopy name="broker.name" from="broker.${broker.id}.name" />

		<antcall target="common.getComponentPropertiesFromSIDatabase">
			<param name="env.id" value="${env.id}" />
			<param name="project.component" value="${broker.name}" />
		</antcall>

		<property file="${temp.build.location}\component.properties" />
		<!--Get the actual name of the broker from the SI database-->
		<antcall target="checkBarFileLocation">
			<param name="release.build.location" value="${release.build.location}\${componentName}" />
		</antcall>
		<antcall target="common.getComponentPropertiesFromSIDatabase">
			<param name="env.id" value="${env.id}" />
			<param name="project.component" value="${broker.name}" />
		</antcall>

		<property file="${temp.build.location}\component.properties" />

		<echo message="Retrieving list of execution groups to deploy bar file to for broker ${componentName}..." />
		<antcontrib:propertyselector property="deployment.location.list" delimiter="," match="broker.${broker.id}.executiongroup\.([^\.]*)\.name" select="\1" casesensitive="false" />
		<antcontrib:foreach list="${deployment.location.list}" delimiter="," target="deployBarFile" param="deployment.location" inheritall="true" />
	</target>

	<target name="deployBarFile">
		<antcontrib:propertycopy name="executiongroup.name" from="broker.${broker.id}.executiongroup.${deployment.location}.name" />

		<echo message="Deploying Bar file: ${barfile.name} to Broker: ${componentName} Execution group: ${executiongroup.name} ..." />

		<copy todir="${temp.location}" file="..\templates\${deploybar.filename}" overwrite="true" />

		<antcall target="common.getObjectPropertiesFromSIDatabase">
			<param name="objectlist" value="'${componentName}'" />
			<param name="output.properties.filename" value="${siconfig.property.filename}" />
			<param name="env.id" value="1" />
			<!--TO DO-->
		</antcall>

		<replace file="${temp.location}\${deploybar.filename}">
			<replacefilter token="%mqsideploy.command%" value="mqsideploy -i ${hostName} -p ${portNo} -q ${QMgr} -e ${executiongroup.name} -a ${release.build.location}\${componentName}\${barfile.name}" />
			<replacefilter token="%mqsi.runtime.location%" value="${mqsi.runtime.location}" />
		</replace>

		<exec executable="${temp.location}\${deploybar.filename}" failonerror="true" />
		<!--<antcall target="recordDeploymentToConfigDB" />-->
	</target>

	<target name="recordDeploymentToConfigDB">

		<echo message="Adding deployment to deployment auditing table ..." />

		<property environment="env" />
		<sql onerror="stop" driver="oracle.jdbc.driver.OracleDriver" password="wed_1607" url="jdbc:oracle:thin:@gal71906.gaydon.landrover.ford.com:1521:ddds1" userid="jsneddo2">
			<classpath>
				<pathelement location="C:\sqldeveloper\jdbc\lib\ojdbc6.jar" />
			</classpath>
			<![CDATA[delete from jsneddo2.hello_world ; ]]>
		</sql>
	</target>

	<target name="cleanUp">
		<delete includeEmptyDirs="true" failonerror="false">
			<fileset dir="${temp.location}" />
		</delete>
	</target>

</project>
