<?xml version="1.0"?>
<config>
  <deployAsSource>true</deployAsSource>
  <dependencies>
    <dependency type="StaticLibrary" name="ErrorHandling" version="v1.04.00"/>
    <dependency type="StaticLibrary" name="TargetDFDLMessageModels" version="v4.03.06"/> 
    <dependency type="StaticLibrary" name="TargetMRMMessageModels" version="v1.00.00"/>
  </dependencies>
  <barOverrides>
      <override uri="stw.target.generic.RequestDispatcher#additionalInstances" token="targetGenericInterface.requestDispatcher.additionalInstances" default="0"/>
      <override uri="stw.target.generic.RequestDispatcher#dataSource" token="dsn.iibdb"/>
      <override uri="stw.target.generic.RequestDispatcher#TargetDSN" token="dsn.targetdb"/>
      <override uri="stw.target.generic.ReplyDispatcher#additionalInstances" token="targetGenericInterface.replyDispatcher.additionalInstances" default="0"/>  
      <override uri="stw.target.generic.ReplyDispatcher#dataSource" token="dsn.iibdb"/>      
  </barOverrides>
</config>